{
	"bindings": [
		{
			"avg_latency_ms": 3.020140849135964,
			"avg_requests_per_sec": 25826.74165417274,
			"categories": {
				"forms": {
					"avg_latency_ms": 3.08113371828369,
					"avg_requests_per_sec": 29578.922082014946
				},
				"json-bodies": {
					"avg_latency_ms": 3.39689414188829,
					"avg_requests_per_sec": 23342.489877065404
				},
				"multipart": {
					"avg_latency_ms": 3.312270551661738,
					"avg_requests_per_sec": 28019.164952578274
				},
				"path-params": {
					"avg_latency_ms": 2.609496877324649,
					"avg_requests_per_sec": 34056.24592002985
				},
				"query-params": {
					"avg_latency_ms": 3.5670253703125554,
					"avg_requests_per_sec": 27626.81493213436
				}
			},
			"language": "node",
			"name": "spikard-node",
			"run_count": 108,
			"runtime": "Node v24.11.1"
		},
		{
			"avg_latency_ms": 2.6840677864873714,
			"avg_requests_per_sec": 30865.276310622852,
			"categories": {
				"forms": {
					"avg_latency_ms": 2.7099687468742504,
					"avg_requests_per_sec": 32402.572856029627
				},
				"json-bodies": {
					"avg_latency_ms": 2.918845295347661,
					"avg_requests_per_sec": 26337.88419366491
				},
				"multipart": {
					"avg_latency_ms": 3.231367669387994,
					"avg_requests_per_sec": 29867.38587143099
				},
				"path-params": {
					"avg_latency_ms": 1.9943466719585774,
					"avg_requests_per_sec": 43087.12276967832
				},
				"query-params": {
					"avg_latency_ms": 2.1356200873708606,
					"avg_requests_per_sec": 41734.126626625104
				}
			},
			"language": "php",
			"name": "spikard-php",
			"run_count": 100,
			"runtime": "unknown"
		},
		{
			"avg_latency_ms": 20.779604795470938,
			"avg_requests_per_sec": 7726.206075257235,
			"categories": {
				"forms": {
					"avg_latency_ms": 7.179873971783665,
					"avg_requests_per_sec": 25928.772861337708
				},
				"json-bodies": {
					"avg_latency_ms": 15.485971134823973,
					"avg_requests_per_sec": 11735.951351120537
				},
				"multipart": {
					"avg_latency_ms": 24.999972565572243,
					"avg_requests_per_sec": 4258.973293936799
				},
				"path-params": {
					"avg_latency_ms": 28.699745287770007,
					"avg_requests_per_sec": 4432.9479416013855
				},
				"query-params": {
					"avg_latency_ms": 35.70452181065059,
					"avg_requests_per_sec": 3547.3462884412147
				}
			},
			"language": "python",
			"name": "spikard-python",
			"run_count": 138,
			"runtime": "Python 3.14.2"
		},
		{
			"avg_latency_ms": 6.810479622973305,
			"avg_requests_per_sec": 10749.555990192332,
			"categories": {
				"forms": {
					"avg_latency_ms": 7.755291370916502,
					"avg_requests_per_sec": 10649.069250580193
				},
				"json-bodies": {
					"avg_latency_ms": 6.811238559146627,
					"avg_requests_per_sec": 10632.646430324976
				},
				"multipart": {
					"avg_latency_ms": 9.019792435478067,
					"avg_requests_per_sec": 9621.265733786657
				},
				"path-params": {
					"avg_latency_ms": 7.021173166434576,
					"avg_requests_per_sec": 11894.568491306689
				},
				"query-params": {
					"avg_latency_ms": 8.79129533636428,
					"avg_requests_per_sec": 9594.186088929586
				}
			},
			"language": "ruby",
			"name": "spikard-ruby",
			"run_count": 108,
			"runtime": "Ruby 3.4.7"
		},
		{
			"avg_latency_ms": 1.577581654181999,
			"avg_requests_per_sec": 46704.024799451945,
			"categories": {
				"forms": {
					"avg_latency_ms": 1.794266047419379,
					"avg_requests_per_sec": 46631.64610254127
				},
				"json-bodies": {
					"avg_latency_ms": 1.6384016803817125,
					"avg_requests_per_sec": 44618.69081792967
				},
				"multipart": {
					"avg_latency_ms": 2.0939426886918584,
					"avg_requests_per_sec": 41246.23289109876
				},
				"path-params": {
					"avg_latency_ms": 1.5188120682495203,
					"avg_requests_per_sec": 56472.057784656194
				},
				"query-params": {
					"avg_latency_ms": 1.8659774444383088,
					"avg_requests_per_sec": 46734.411892346194
				}
			},
			"language": "rust",
			"name": "spikard-rust",
			"run_count": 112,
			"runtime": "rustc 1.92.0 (ded5c06cf 2025-12-08)"
		}
	],
	"generated_at": "2025-12-21T06:32:28.942639+00:00",
	"input_count": 898,
	"source": "results/consolidated-profile.json"
}
