{"rss_mb":195.0625,"heap_total_mb":29.12890625,"heap_used_mb":10.052330017089844,"external_mb":15.554105758666992}